name,type,growth_tier,crash_growth,recovery_rank,exp_growth_18m,P(>25% fall),recover_6m_if_falls_by18m,recover_12m_if_falls_by18m,recover_18m_if_falls_by18m,recover_by_1y_if_falls,recover_by_2y_if_falls,recover_by_3y_if_falls,gt3y_tail_unconditional,permanence_factor,true_permanent_loss,perm_vs_SP_multiple,reward_vs_SP,reward_vs_SCHD,growth_per_fall,delta_tail_30d
Nebius Group,stock,High,secular,watch,1.5,0.821,0.18,0.333,0.415,0.333,0.467,0.536,0.381,0.6,0.229,1.8,9.29,9.9,1.83,0.0
IREN Limited,stock,High,secular,watch,0.85,0.834,0.202,0.36,0.444,0.36,0.497,0.566,0.362,0.6,0.217,1.7,5.55,5.91,1.02,0.0
Credo Technology,stock,High,secular,PEG-fast / MC-uncertain,0.55,0.745,0.163,0.315,0.399,0.315,0.457,0.527,0.353,0.5,0.176,1.7,3.68,3.93,0.74,0.0
TeraWulf,stock,High,secular,watch,0.55,0.859,0.191,0.342,0.423,0.342,0.474,0.54,0.396,0.7,0.277,1.9,3.28,3.5,0.64,0.0
Micron,stock,High,cyclical,cyclical high-growth / rebound-dependent,0.5,0.643,0.0,0.0,0.389,0.0,0.453,0.529,0.303,0.55,0.167,1.4,3.89,4.15,0.78,0.0
DRAM (Roundhill Memory),ETF,High,cyclical,cyclical high-growth / rebound-dependent,0.45,0.583,0.0,0.0,0.379,0.0,0.442,0.525,0.277,0.25,0.069,1.3,3.83,4.09,0.77,0.0
SoundHound AI,stock,High,secular,watch,0.45,0.842,0.184,0.331,0.412,0.331,0.465,0.53,0.396,0.72,0.285,1.9,2.68,2.86,0.53,0.0
ARKK (ARK Innovation),ETF,High,broken,broken thesis — avoid unless evidence changes,0.42,0.744,0.082,0.192,0.269,0.192,0.325,0.395,0.45,0.35,0.157,2.1,2.21,2.35,0.56,0.0
CoreWeave,stock,Moderate,cyclical,cyclical — needs TAM rebound,0.4,0.821,0.128,0.251,0.321,0.251,0.367,0.43,0.469,0.8,0.375,2.2,2.02,2.15,0.49,0.0
Applied Digital,stock,Moderate,secular,diversified / safe (buyback earn-back),0.4,0.841,0.183,0.335,0.414,0.335,0.466,0.533,0.392,0.65,0.255,1.8,2.41,2.57,0.48,0.0
Uranium Energy,stock,Moderate,secular,diversified / safe (buyback earn-back),0.4,0.764,0.135,0.272,0.353,0.272,0.403,0.47,0.405,0.6,0.243,1.9,2.33,2.49,0.52,0.0
Credo peer / Lightwave Logic,stock,Moderate,secular,diversified / safe (buyback earn-back),0.4,0.846,0.177,0.325,0.405,0.325,0.454,0.519,0.407,0.78,0.318,1.9,2.32,2.47,0.47,0.0
NVIDIA,stock,Moderate,secular,diversified / safe (buyback earn-back),0.38,0.495,0.207,0.41,0.527,0.41,0.598,0.691,0.153,0.35,0.053,0.7,5.87,6.26,0.77,0.0
Cipher Mining,stock,Moderate,secular,diversified / safe (buyback earn-back),0.35,0.86,0.192,0.342,0.421,0.342,0.474,0.538,0.398,0.7,0.278,1.9,2.08,2.22,0.41,0.0
Core Scientific,stock,Moderate,secular,diversified / safe (buyback earn-back),0.35,0.839,0.19,0.341,0.423,0.341,0.476,0.54,0.386,0.6,0.232,1.8,2.14,2.28,0.42,0.0
Innodata,stock,Moderate,secular,diversified / safe (buyback earn-back),0.35,0.796,0.172,0.318,0.403,0.318,0.457,0.522,0.38,0.6,0.228,1.8,2.17,2.32,0.44,0.0
Rigetti Computing,stock,Moderate,secular,diversified / safe (buyback earn-back),0.35,0.877,0.191,0.341,0.423,0.341,0.475,0.538,0.405,0.8,0.324,1.9,2.04,2.18,0.4,0.0
Wolfspeed peer / Aeva,stock,Moderate,secular,diversified / safe (buyback earn-back),0.35,0.843,0.182,0.329,0.41,0.329,0.462,0.526,0.399,0.75,0.3,1.9,2.07,2.21,0.42,0.0
Hut 8,stock,Moderate,secular,diversified / safe (buyback earn-back),0.35,0.861,0.19,0.341,0.422,0.341,0.474,0.538,0.397,0.7,0.278,1.9,2.08,2.22,0.41,0.0
IonQ,stock,Moderate,broken,broken thesis — avoid unless evidence changes,0.32,0.756,0.076,0.175,0.24,0.175,0.285,0.342,0.498,0.85,0.423,2.3,1.52,1.62,0.42,0.0
CHAT (Roundhill GenAI),ETF,Moderate,secular,diversified / safe (buyback earn-back),0.32,0.464,0.102,0.242,0.344,0.242,0.413,0.505,0.23,0.2,0.046,1.1,3.29,3.51,0.69,0.0
Palantir,stock,Moderate,secular,diversified / safe (buyback earn-back),0.3,0.543,0.182,0.373,0.48,0.373,0.553,0.642,0.195,0.6,0.117,0.9,3.64,3.88,0.55,0.0
Broadcom,stock,Moderate,secular,diversified / safe (buyback earn-back),0.3,0.546,0.092,0.217,0.304,0.217,0.365,0.443,0.304,0.38,0.115,1.4,2.33,2.49,0.55,0.0
SMH (VanEck Semis),ETF,Moderate,secular,diversified / safe (buyback earn-back),0.3,0.482,0.108,0.256,0.354,0.256,0.424,0.513,0.235,0.18,0.042,1.1,3.02,3.22,0.62,0.0
Taiwan Semiconductor,stock,Moderate,secular,diversified / safe (buyback earn-back),0.3,0.511,0.092,0.219,0.309,0.219,0.373,0.452,0.28,0.3,0.084,1.3,2.53,2.7,0.59,0.0
Samsara,stock,Moderate,secular,diversified / safe (buyback earn-back),0.3,0.699,0.127,0.264,0.345,0.264,0.399,0.464,0.375,0.45,0.169,1.8,1.89,2.01,0.43,0.0
Tempus AI,stock,Moderate,secular,diversified / safe (buyback earn-back),0.3,0.761,0.139,0.279,0.359,0.279,0.411,0.478,0.397,0.65,0.258,1.9,1.78,1.9,0.39,0.0
NuScale Power,stock,Moderate,secular,diversified / safe (buyback earn-back),0.3,0.843,0.18,0.33,0.409,0.33,0.461,0.525,0.401,0.7,0.281,1.9,1.77,1.88,0.36,0.0
Klaviyo,stock,Moderate,secular,diversified / safe (buyback earn-back),0.3,0.667,0.118,0.253,0.336,0.253,0.39,0.461,0.36,0.45,0.162,1.7,1.97,2.1,0.45,0.0
Rubrik,stock,Moderate,secular,diversified / safe (buyback earn-back),0.3,0.706,0.122,0.253,0.337,0.253,0.39,0.457,0.383,0.55,0.211,1.8,1.85,1.97,0.43,0.0
CyberArk,stock,Moderate,secular,diversified / safe (buyback earn-back),0.3,0.575,0.077,0.188,0.268,0.188,0.325,0.396,0.347,0.38,0.132,1.6,2.04,2.17,0.52,0.0
Denison Mines,stock,Moderate,secular,diversified / safe (buyback earn-back),0.3,0.765,0.138,0.272,0.353,0.272,0.407,0.473,0.403,0.6,0.242,1.9,1.76,1.87,0.39,0.0
Uranium / Ur-Energy,stock,Moderate,secular,diversified / safe (buyback earn-back),0.3,0.742,0.124,0.256,0.335,0.256,0.386,0.452,0.406,0.6,0.244,1.9,1.74,1.86,0.4,0.0
D-Wave Quantum,stock,Moderate,secular,diversified / safe (buyback earn-back),0.3,0.862,0.186,0.335,0.416,0.335,0.466,0.531,0.404,0.8,0.323,1.9,1.75,1.87,0.35,0.0
Rocket Lab,stock,Moderate,secular,diversified / safe (buyback earn-back),0.3,0.805,0.162,0.308,0.389,0.308,0.441,0.507,0.397,0.62,0.246,1.9,1.78,1.9,0.37,0.0
Nvidia peer / Alphawave,stock,Moderate,secular,diversified / safe (buyback earn-back),0.3,0.782,0.156,0.302,0.387,0.302,0.439,0.507,0.385,0.6,0.231,1.8,1.84,1.96,0.38,0.0
SOXX (iShares Semis),ETF,Moderate,secular,diversified / safe (buyback earn-back),0.28,0.469,0.105,0.245,0.344,0.245,0.414,0.5,0.234,0.18,0.042,1.1,2.82,3.01,0.6,0.0
monday.com,stock,Moderate,secular,diversified / safe (buyback earn-back),0.28,0.639,0.104,0.224,0.305,0.224,0.36,0.43,0.365,0.45,0.164,1.7,1.81,1.93,0.44,0.0
Bloom Energy,stock,Moderate,secular,diversified / safe (buyback earn-back),0.28,0.752,0.15,0.295,0.38,0.295,0.435,0.505,0.372,0.5,0.186,1.8,1.78,1.89,0.37,0.0
Cloudflare,stock,Moderate,secular,diversified / safe (buyback earn-back),0.27,0.658,0.108,0.235,0.319,0.235,0.373,0.44,0.368,0.4,0.147,1.7,1.73,1.85,0.41,0.0
Snowflake,stock,Moderate,secular,diversified / safe (buyback earn-back),0.26,0.645,0.098,0.216,0.301,0.216,0.354,0.421,0.373,0.42,0.157,1.8,1.65,1.75,0.4,0.0
Lumentum,stock,Moderate,cyclical,cyclical — needs TAM rebound,0.25,0.683,0.0,0.264,0.347,0.264,0.401,0.469,0.363,0.55,0.2,1.7,1.63,1.74,0.37,0.0
ARM,stock,Moderate,secular,diversified / safe (buyback earn-back),0.25,0.505,0.12,0.273,0.373,0.273,0.442,0.528,0.238,0.45,0.107,1.1,2.48,2.64,0.49,0.0
AIQ (Global X AI),ETF,Moderate,secular,diversified / safe (buyback earn-back),0.25,0.445,0.103,0.239,0.337,0.239,0.409,0.497,0.224,0.18,0.04,1.1,2.63,2.81,0.56,0.0
Camtek,stock,Moderate,secular,diversified / safe (buyback earn-back),0.25,0.65,0.13,0.273,0.362,0.273,0.422,0.497,0.327,0.45,0.147,1.5,1.8,1.92,0.38,0.0
Super Micro Computer,stock,Moderate,secular,diversified / safe (buyback earn-back),0.25,0.763,0.232,0.41,0.501,0.41,0.558,0.629,0.283,0.5,0.141,1.3,2.09,2.23,0.33,0.0
MP Materials,stock,Moderate,secular,diversified / safe (buyback earn-back),0.25,0.736,0.127,0.259,0.341,0.259,0.393,0.461,0.397,0.55,0.218,1.9,1.49,1.58,0.34,0.0
Vertiv,stock,Moderate,cyclical,cyclical — needs TAM rebound,0.24,0.611,0.076,0.194,0.281,0.194,0.344,0.424,0.352,0.5,0.176,1.7,1.61,1.72,0.39,0.0
Oracle,stock,Moderate,secular,diversified / safe (buyback earn-back),0.24,0.428,0.06,0.167,0.25,0.167,0.311,0.389,0.261,0.42,0.11,1.2,2.17,2.31,0.56,0.0
ServiceTitan,stock,Moderate,secular,diversified / safe (buyback earn-back),0.24,0.679,0.104,0.232,0.311,0.232,0.365,0.432,0.386,0.5,0.193,1.8,1.47,1.57,0.35,0.0
Shopify,stock,Moderate,secular,diversified / safe (buyback earn-back),0.24,0.752,0.153,0.299,0.383,0.299,0.437,0.503,0.374,0.4,0.149,1.8,1.52,1.62,0.32,0.0
Astera Labs,stock,Moderate,secular,diversified / safe (buyback earn-back),0.22,0.708,0.251,0.44,0.539,0.44,0.605,0.679,0.227,0.65,0.148,1.1,2.29,2.44,0.31,0.0
Marvell,stock,Moderate,cyclical,cyclical — needs TAM rebound,0.22,0.527,0.0,0.384,0.497,0.384,0.571,0.659,0.18,0.48,0.086,0.8,2.89,3.08,0.42,0.0
AppLovin,stock,Moderate,cyclical,cyclical — needs TAM rebound,0.22,0.832,0.159,0.32,0.418,0.32,0.475,0.55,0.375,0.6,0.225,1.8,1.39,1.48,0.26,0.0
Coherent,stock,Moderate,cyclical,cyclical — needs TAM rebound,0.22,0.695,0.0,0.27,0.351,0.27,0.406,0.472,0.367,0.55,0.202,1.7,1.42,1.51,0.32,0.0
QTUM (Defiance Quantum),ETF,Moderate,broken,broken thesis — avoid unless evidence changes,0.22,0.503,0.051,0.133,0.215,0.133,0.283,0.381,0.311,0.25,0.078,1.5,1.67,1.78,0.44,0.0
NUKE (Nuclear/Uranium),ETF,Moderate,secular,diversified / safe (buyback earn-back),0.22,0.541,0.096,0.224,0.311,0.224,0.373,0.449,0.298,0.3,0.089,1.4,1.74,1.86,0.41,0.0
SiTime,stock,Moderate,secular,diversified / safe (buyback earn-back),0.22,0.704,0.12,0.254,0.338,0.254,0.391,0.461,0.38,0.5,0.19,1.8,1.37,1.46,0.31,0.0
CrowdStrike,stock,Moderate,secular,diversified / safe (buyback earn-back),0.22,0.558,0.073,0.177,0.254,0.177,0.307,0.375,0.349,0.35,0.122,1.6,1.49,1.59,0.39,0.0
Datadog,stock,Moderate,secular,diversified / safe (buyback earn-back),0.22,0.623,0.094,0.214,0.294,0.214,0.346,0.415,0.364,0.4,0.146,1.7,1.43,1.52,0.35,0.0
GitLab,stock,Moderate,secular,diversified / safe (buyback earn-back),0.22,0.668,0.116,0.248,0.332,0.248,0.387,0.456,0.363,0.45,0.163,1.7,1.43,1.53,0.33,0.0
C3.ai,stock,Moderate,secular,diversified / safe (buyback earn-back),0.22,0.804,0.161,0.307,0.387,0.307,0.441,0.506,0.398,0.65,0.258,1.9,1.31,1.39,0.27,0.0
Talen Energy,stock,Moderate,secular,diversified / safe (buyback earn-back),0.22,0.567,0.096,0.218,0.302,0.218,0.363,0.442,0.316,0.45,0.142,1.5,1.64,1.75,0.39,0.0
SentinelOne,stock,Moderate,secular,diversified / safe (buyback earn-back),0.22,0.708,0.115,0.243,0.326,0.243,0.378,0.446,0.393,0.5,0.196,1.8,1.32,1.41,0.31,0.0
Gitlab,stock,Moderate,secular,diversified / safe (buyback earn-back),0.22,0.636,0.097,0.224,0.307,0.224,0.362,0.43,0.363,0.45,0.163,1.7,1.43,1.53,0.35,0.0
Nova Ltd,stock,Moderate,secular,diversified / safe (buyback earn-back),0.22,0.626,0.105,0.235,0.321,0.235,0.379,0.454,0.342,0.45,0.154,1.6,1.52,1.62,0.35,0.0
Toast,stock,Moderate,secular,diversified / safe (buyback earn-back),0.22,0.713,0.133,0.271,0.354,0.271,0.407,0.476,0.373,0.5,0.187,1.8,1.39,1.48,0.31,0.0
ASML peer / Advantest via ADR,stock,Moderate,secular,diversified / safe (buyback earn-back),0.22,0.65,0.128,0.27,0.36,0.27,0.419,0.493,0.329,0.45,0.148,1.5,1.58,1.68,0.34,0.0
AMD,stock,Moderate,cyclical,cyclical — needs TAM rebound,0.2,0.478,0.125,0.3,0.415,0.3,0.492,0.594,0.194,0.45,0.087,0.9,2.43,2.59,0.42,0.0
IGV (Software),ETF,Moderate,secular,diversified / safe (buyback earn-back),0.2,0.472,0.069,0.171,0.253,0.171,0.312,0.391,0.288,0.2,0.058,1.4,1.64,1.75,0.42,0.0
ServiceNow,stock,Moderate,secular,diversified / safe (buyback earn-back),0.2,0.54,0.082,0.194,0.272,0.194,0.331,0.403,0.322,0.32,0.103,1.5,1.47,1.56,0.37,0.0
Confluent,stock,Moderate,secular,diversified / safe (buyback earn-back),0.2,0.637,0.102,0.224,0.306,0.224,0.361,0.432,0.362,0.5,0.181,1.7,1.31,1.39,0.31,0.0
Arista Networks,stock,Moderate,secular,diversified / safe (buyback earn-back),0.2,0.572,0.097,0.22,0.304,0.22,0.364,0.441,0.319,0.38,0.121,1.5,1.48,1.58,0.35,0.0
Zscaler,stock,Moderate,secular,diversified / safe (buyback earn-back),0.2,0.557,0.07,0.177,0.252,0.177,0.302,0.374,0.349,0.4,0.14,1.6,1.35,1.44,0.36,0.0
Braze,stock,Moderate,secular,diversified / safe (buyback earn-back),0.2,0.677,0.107,0.233,0.313,0.233,0.366,0.432,0.385,0.5,0.192,1.8,1.23,1.31,0.3,0.0
Pegatron via Sanmina,stock,Moderate,secular,diversified / safe (buyback earn-back),0.2,0.586,0.113,0.252,0.341,0.252,0.404,0.484,0.303,0.5,0.151,1.4,1.56,1.66,0.34,0.0
SkyWater Technology,stock,Moderate,secular,diversified / safe (buyback earn-back),0.2,0.763,0.137,0.277,0.36,0.277,0.411,0.478,0.399,0.6,0.239,1.9,1.18,1.26,0.26,0.0
Vertiv peer / Modine skip,stock,Moderate,secular,diversified / safe (buyback earn-back),0.2,0.617,0.111,0.248,0.333,0.248,0.393,0.47,0.327,0.5,0.163,1.5,1.45,1.54,0.32,0.0
Vertiv peer / Comfort skip,stock,Moderate,secular,diversified / safe (buyback earn-back),0.2,0.622,0.112,0.247,0.333,0.247,0.393,0.467,0.332,0.5,0.166,1.6,1.42,1.52,0.32,0.0
AvePoint,stock,Moderate,secular,diversified / safe (buyback earn-back),0.2,0.592,0.078,0.191,0.267,0.191,0.32,0.385,0.364,0.5,0.182,1.7,1.3,1.38,0.34,0.0
Kulicke and Soffa,stock,Moderate,secular,diversified / safe (buyback earn-back),0.2,0.624,0.106,0.237,0.324,0.237,0.383,0.46,0.337,0.55,0.185,1.6,1.4,1.5,0.32,0.0
Nano-X Imaging,stock,Moderate,secular,diversified / safe (buyback earn-back),0.2,0.83,0.167,0.316,0.393,0.316,0.445,0.508,0.408,0.75,0.306,1.9,1.16,1.23,0.24,0.0
Semtech,stock,Moderate,secular,diversified / safe (buyback earn-back),0.2,0.708,0.155,0.309,0.399,0.309,0.457,0.527,0.335,0.5,0.167,1.6,1.41,1.5,0.28,0.0
Navitas Semiconductor,stock,Moderate,secular,diversified / safe (buyback earn-back),0.2,0.842,0.185,0.334,0.417,0.334,0.469,0.533,0.393,0.7,0.275,1.9,1.2,1.28,0.24,0.0
Western Digital peer / Sandisk,stock,Moderate,secular,diversified / safe (buyback earn-back),0.2,0.651,0.17,0.335,0.429,0.335,0.491,0.568,0.281,0.5,0.14,1.3,1.68,1.79,0.31,0.0
Centrus Energy,stock,Moderate,secular,diversified / safe (buyback earn-back),0.2,0.709,0.154,0.303,0.395,0.303,0.453,0.528,0.335,0.5,0.167,1.6,1.41,1.5,0.28,0.0
GRID (Smart Grid),ETF,Moderate,secular,diversified / safe (buyback earn-back),0.18,0.393,0.053,0.137,0.214,0.137,0.274,0.354,0.254,0.22,0.056,1.2,1.67,1.79,0.46,0.0
Monolithic Power Systems,stock,Moderate,secular,diversified / safe (buyback earn-back),0.18,0.633,0.111,0.239,0.325,0.239,0.382,0.455,0.345,0.4,0.138,1.6,1.23,1.31,0.28,0.0
Dell Technologies,stock,Moderate,secular,diversified / safe (buyback earn-back),0.18,0.477,0.103,0.247,0.345,0.247,0.414,0.501,0.238,0.4,0.095,1.1,1.79,1.91,0.38,0.0
Atlassian,stock,Moderate,secular,diversified / safe (buyback earn-back),0.18,0.633,0.107,0.237,0.32,0.237,0.375,0.442,0.353,0.4,0.141,1.7,1.2,1.28,0.28,0.0
Celestica,stock,Moderate,secular,diversified / safe (buyback earn-back),0.18,0.641,0.135,0.282,0.379,0.282,0.44,0.515,0.311,0.5,0.155,1.5,1.37,1.46,0.28,0.0
Silicon Laboratories,stock,Moderate,secular,diversified / safe (buyback earn-back),0.18,0.648,0.095,0.214,0.292,0.214,0.343,0.414,0.38,0.5,0.19,1.8,1.12,1.19,0.28,0.0
Ambarella,stock,Moderate,secular,diversified / safe (buyback earn-back),0.18,0.71,0.117,0.248,0.327,0.248,0.381,0.448,0.392,0.55,0.215,1.8,1.09,1.16,0.25,0.0
Vertiv peer / AAON,stock,Moderate,secular,diversified / safe (buyback earn-back),0.18,0.591,0.093,0.219,0.305,0.219,0.366,0.445,0.328,0.45,0.148,1.5,1.3,1.38,0.3,0.0
Coherent peer / Ciena skip / Infinera,stock,Moderate,secular,diversified / safe (buyback earn-back),0.18,0.685,0.138,0.286,0.374,0.286,0.432,0.505,0.339,0.5,0.17,1.6,1.25,1.34,0.26,0.0
Vertiv peer / Modine skip / API,stock,Moderate,secular,diversified / safe (buyback earn-back),0.18,0.551,0.088,0.206,0.288,0.206,0.348,0.425,0.317,0.35,0.111,1.5,1.34,1.43,0.33,0.0
indie Semiconductor,stock,Moderate,secular,diversified / safe (buyback earn-back),0.18,0.826,0.172,0.318,0.397,0.318,0.45,0.514,0.402,0.7,0.281,1.9,1.06,1.13,0.22,0.0
MongoDB,stock,Moderate,secular,diversified / safe (buyback earn-back),0.18,0.594,0.078,0.191,0.27,0.191,0.32,0.391,0.362,0.45,0.163,1.7,1.17,1.25,0.3,0.0
Guidewire Software,stock,Moderate,secular,diversified / safe (buyback earn-back),0.18,0.568,0.06,0.16,0.234,0.16,0.285,0.354,0.367,0.4,0.147,1.7,1.16,1.24,0.32,0.0
Impinj,stock,Moderate,secular,diversified / safe (buyback earn-back),0.18,0.691,0.133,0.275,0.361,0.275,0.419,0.492,0.351,0.5,0.175,1.7,1.21,1.29,0.26,0.0
Teradyne,stock,Moderate,secular,diversified / safe (buyback earn-back),0.17,0.588,0.097,0.223,0.306,0.223,0.365,0.442,0.329,0.42,0.138,1.5,1.22,1.3,0.29,0.0
Sterling Infrastructure,stock,Moderate,secular,diversified / safe (buyback earn-back),0.17,0.618,0.114,0.253,0.342,0.253,0.402,0.48,0.321,0.5,0.16,1.5,1.25,1.33,0.28,0.0
Applied Optoelectronics,stock,Moderate,cyclical,cyclical — needs TAM rebound,0.16,0.754,0.0,0.261,0.335,0.261,0.383,0.446,0.418,0.65,0.271,2.0,0.9,0.96,0.21,0.0
QQQ (Nasdaq-100),ETF,Moderate,secular,diversified / safe (buyback earn-back),0.16,0.396,0.054,0.14,0.217,0.14,0.275,0.357,0.255,0.08,0.02,1.2,1.48,1.58,0.4,0.0
HubSpot,stock,Moderate,secular,diversified / safe (buyback earn-back),0.16,0.617,0.101,0.227,0.31,0.227,0.366,0.435,0.348,0.42,0.146,1.6,1.08,1.16,0.26,0.0
Procore Technologies,stock,Moderate,secular,diversified / safe (buyback earn-back),0.16,0.65,0.098,0.214,0.291,0.214,0.344,0.414,0.381,0.45,0.171,1.8,0.99,1.06,0.25,0.0
Meta,stock,Moderate,secular,diversified / safe (buyback earn-back),0.15,0.464,0.115,0.266,0.365,0.266,0.435,0.523,0.221,0.32,0.071,1.0,1.6,1.71,0.32,0.0
VGT (Info Tech),ETF,Moderate,secular,diversified / safe (buyback earn-back),0.15,0.404,0.058,0.15,0.23,0.15,0.286,0.366,0.256,0.12,0.031,1.2,1.38,1.47,0.37,0.0
ASML Holding,stock,Moderate,secular,diversified / safe (buyback earn-back),0.15,0.571,0.094,0.217,0.297,0.217,0.358,0.432,0.324,0.3,0.097,1.5,1.09,1.17,0.26,0.0
Amphenol,stock,Moderate,secular,diversified / safe (buyback earn-back),0.15,0.54,0.078,0.191,0.271,0.191,0.329,0.403,0.322,0.35,0.113,1.5,1.1,1.17,0.28,0.0
Cameco,stock,Moderate,secular,diversified / safe (buyback earn-back),0.15,0.554,0.072,0.176,0.254,0.176,0.309,0.383,0.342,0.45,0.154,1.6,1.04,1.1,0.27,0.0
Aehr Test Systems,stock,Moderate,secular,diversified / safe (buyback earn-back),0.15,0.793,0.175,0.331,0.417,0.331,0.471,0.537,0.367,0.6,0.22,1.7,0.96,1.03,0.19,0.0
First Solar,stock,Moderate,secular,diversified / safe (buyback earn-back),0.15,0.581,0.144,0.3,0.398,0.3,0.463,0.544,0.265,0.5,0.132,1.2,1.34,1.43,0.26,0.0
Lattice Semiconductor,stock,Moderate,secular,diversified / safe (buyback earn-back),0.15,0.67,0.117,0.25,0.335,0.25,0.39,0.463,0.36,0.45,0.162,1.7,0.98,1.05,0.22,0.0
Nvidia server / Wistron via Sanmina,stock,Moderate,secular,diversified / safe (buyback earn-back),0.15,0.534,0.103,0.24,0.339,0.24,0.405,0.485,0.275,0.5,0.138,1.3,1.29,1.37,0.28,0.0
Snowflake peer / MongoDB,stock,Moderate,secular,diversified / safe (buyback earn-back),0.15,0.639,0.099,0.223,0.309,0.223,0.363,0.429,0.364,0.45,0.164,1.7,0.97,1.04,0.23,0.0
MACOM Technology,stock,Moderate,secular,diversified / safe (buyback earn-back),0.15,0.629,0.107,0.238,0.32,0.238,0.377,0.452,0.345,0.45,0.155,1.6,1.03,1.1,0.24,0.0
Microsoft,stock,Safe,secular,diversified / safe (buyback earn-back),0.14,0.425,0.079,0.211,0.306,0.211,0.374,0.463,0.228,0.3,0.068,1.1,1.45,1.55,0.33,0.0
DTCR (Data Ctr Infra),ETF,Safe,secular,diversified / safe (buyback earn-back),0.14,0.338,0.036,0.097,0.157,0.097,0.21,0.284,0.242,0.15,0.036,1.1,1.37,1.46,0.41,0.0
Elastic,stock,Safe,secular,diversified / safe (buyback earn-back),0.14,0.607,0.103,0.235,0.317,0.235,0.377,0.445,0.337,0.42,0.141,1.6,0.98,1.05,0.23,0.0
Pure Storage,stock,Safe,secular,diversified / safe (buyback earn-back),0.14,0.593,0.101,0.226,0.309,0.226,0.368,0.444,0.33,0.42,0.138,1.6,1.0,1.07,0.24,0.0
Palo Alto Networks,stock,Safe,secular,diversified / safe (buyback earn-back),0.14,0.532,0.071,0.176,0.25,0.176,0.305,0.375,0.332,0.32,0.106,1.6,0.99,1.06,0.26,0.0
Freshworks,stock,Safe,secular,diversified / safe (buyback earn-back),0.14,0.576,0.085,0.207,0.29,0.207,0.346,0.42,0.334,0.5,0.167,1.6,0.99,1.06,0.24,0.0
Marvell peer / Sanmina,stock,Safe,secular,diversified / safe (buyback earn-back),0.14,0.556,0.098,0.225,0.314,0.225,0.379,0.452,0.304,0.5,0.152,1.4,1.09,1.16,0.25,0.0
Sanmina,stock,Safe,secular,diversified / safe (buyback earn-back),0.14,0.532,0.11,0.254,0.352,0.254,0.417,0.501,0.265,0.5,0.133,1.2,1.25,1.33,0.26,0.0
Onto Innovation,stock,Safe,secular,diversified / safe (buyback earn-back),0.14,0.62,0.112,0.246,0.333,0.246,0.393,0.466,0.331,0.45,0.149,1.6,1.0,1.06,0.23,0.0
Quanta Services,stock,Safe,secular,diversified / safe (buyback earn-back),0.14,0.539,0.079,0.19,0.27,0.19,0.329,0.408,0.319,0.4,0.128,1.5,1.04,1.1,0.26,0.0
Texas Instruments,stock,Safe,cyclical,cyclical — needs TAM rebound,0.13,0.481,0.0,0.156,0.234,0.156,0.295,0.372,0.302,0.38,0.115,1.4,1.02,1.08,0.27,0.0
Amazon,stock,Safe,secular,diversified / safe (buyback earn-back),0.13,0.591,0.129,0.28,0.372,0.28,0.433,0.51,0.29,0.32,0.093,1.4,1.06,1.13,0.22,0.0
Nutanix,stock,Safe,secular,diversified / safe (buyback earn-back),0.13,0.573,0.089,0.211,0.296,0.211,0.353,0.425,0.329,0.4,0.132,1.6,0.93,0.99,0.23,0.0
Dynatrace,stock,Safe,secular,diversified / safe (buyback earn-back),0.13,0.539,0.079,0.193,0.276,0.193,0.332,0.407,0.32,0.38,0.121,1.5,0.96,1.02,0.24,0.0
Veeva Systems,stock,Safe,secular,diversified / safe (buyback earn-back),0.13,0.464,0.057,0.152,0.227,0.152,0.282,0.356,0.299,0.32,0.096,1.4,1.03,1.09,0.28,0.0
Workday,stock,Safe,secular,diversified / safe (buyback earn-back),0.13,0.522,0.09,0.21,0.293,0.21,0.354,0.431,0.297,0.38,0.113,1.4,1.03,1.1,0.25,0.0
Comfort Systems USA,stock,Safe,secular,diversified / safe (buyback earn-back),0.13,0.581,0.101,0.232,0.32,0.232,0.382,0.459,0.315,0.5,0.157,1.5,0.98,1.04,0.22,0.0
Dycom Industries,stock,Safe,secular,diversified / safe (buyback earn-back),0.13,0.554,0.099,0.229,0.317,0.229,0.383,0.462,0.298,0.5,0.149,1.4,1.03,1.1,0.23,0.0
Micron peer / MaxLinear,stock,Safe,secular,diversified / safe (buyback earn-back),0.13,0.684,0.136,0.28,0.37,0.28,0.428,0.503,0.34,0.55,0.187,1.6,0.9,0.96,0.19,0.0
Fortinet,stock,Safe,secular,diversified / safe (buyback earn-back),0.13,0.504,0.066,0.17,0.25,0.17,0.303,0.376,0.315,0.35,0.11,1.5,0.98,1.04,0.26,0.0
Cadence Design Systems,stock,Safe,secular,diversified / safe (buyback earn-back),0.13,0.506,0.069,0.168,0.245,0.168,0.301,0.378,0.315,0.3,0.094,1.5,0.98,1.04,0.26,0.0
nCino,stock,Safe,secular,diversified / safe (buyback earn-back),0.13,0.621,0.114,0.252,0.339,0.252,0.397,0.468,0.33,0.45,0.149,1.6,0.93,0.99,0.21,0.0
Alphabet,stock,Safe,secular,diversified / safe (buyback earn-back),0.12,0.435,0.062,0.173,0.258,0.173,0.323,0.409,0.257,0.3,0.077,1.2,1.1,1.18,0.28,0.0
Lam Research,stock,Safe,secular,diversified / safe (buyback earn-back),0.12,0.572,0.106,0.241,0.332,0.241,0.394,0.473,0.301,0.4,0.121,1.4,0.94,1.0,0.21,0.0
KLA Corporation,stock,Safe,secular,diversified / safe (buyback earn-back),0.12,0.56,0.097,0.229,0.317,0.229,0.379,0.459,0.303,0.4,0.121,1.4,0.94,1.0,0.21,0.0
Rambus,stock,Safe,secular,diversified / safe (buyback earn-back),0.12,0.61,0.121,0.261,0.353,0.261,0.415,0.49,0.311,0.45,0.14,1.5,0.91,0.97,0.2,0.0
Ciena,stock,Safe,secular,diversified / safe (buyback earn-back),0.12,0.591,0.113,0.248,0.338,0.248,0.4,0.478,0.309,0.45,0.139,1.5,0.92,0.98,0.2,0.0
Fabrinet,stock,Safe,secular,diversified / safe (buyback earn-back),0.12,0.57,0.11,0.245,0.335,0.245,0.399,0.479,0.297,0.4,0.119,1.4,0.95,1.02,0.21,0.0
Western Digital,stock,Safe,secular,diversified / safe (buyback earn-back),0.12,0.621,0.154,0.315,0.411,0.315,0.476,0.553,0.277,0.5,0.139,1.3,1.02,1.09,0.19,0.0
Seagate Technology,stock,Safe,secular,diversified / safe (buyback earn-back),0.12,0.584,0.139,0.298,0.396,0.298,0.462,0.541,0.268,0.5,0.134,1.3,1.06,1.13,0.21,0.0
Constellation Energy,stock,Safe,secular,diversified / safe (buyback earn-back),0.12,0.463,0.055,0.151,0.223,0.151,0.279,0.357,0.298,0.35,0.104,1.4,0.95,1.01,0.26,0.0
Vistra,stock,Safe,secular,diversified / safe (buyback earn-back),0.12,0.538,0.092,0.218,0.306,0.218,0.368,0.449,0.296,0.45,0.133,1.4,0.96,1.02,0.22,0.0
nVent Electric,stock,Safe,secular,diversified / safe (buyback earn-back),0.12,0.512,0.087,0.207,0.299,0.207,0.367,0.447,0.283,0.42,0.119,1.3,1.0,1.07,0.23,0.0
Penguin Solutions,stock,Safe,secular,diversified / safe (buyback earn-back),0.12,0.669,0.153,0.309,0.404,0.309,0.462,0.536,0.31,0.5,0.155,1.5,0.91,0.97,0.18,0.0
Corning,stock,Safe,secular,diversified / safe (buyback earn-back),0.12,0.492,0.083,0.199,0.287,0.199,0.354,0.438,0.277,0.4,0.111,1.3,1.02,1.09,0.24,0.0
Intuit,stock,Safe,secular,diversified / safe (buyback earn-back),0.12,0.494,0.074,0.185,0.27,0.185,0.331,0.406,0.294,0.32,0.094,1.4,0.96,1.03,0.24,0.0
ASE Technology,stock,Safe,secular,diversified / safe (buyback earn-back),0.12,0.508,0.114,0.255,0.35,0.255,0.418,0.503,0.252,0.45,0.113,1.2,1.12,1.2,0.24,0.0
TTM Technologies,stock,Safe,secular,diversified / safe (buyback earn-back),0.12,0.607,0.119,0.259,0.35,0.259,0.414,0.493,0.307,0.45,0.138,1.4,0.92,0.98,0.2,0.0
ACM Research,stock,Safe,secular,diversified / safe (buyback earn-back),0.12,0.653,0.172,0.338,0.431,0.338,0.493,0.57,0.281,0.5,0.14,1.3,1.01,1.08,0.18,0.0
Docusign peer / Docebo,stock,Safe,secular,diversified / safe (buyback earn-back),0.12,0.603,0.12,0.264,0.356,0.264,0.417,0.493,0.305,0.5,0.153,1.4,0.93,0.99,0.2,0.0
Jabil,stock,Safe,secular,diversified / safe (buyback earn-back),0.12,0.552,0.117,0.265,0.356,0.265,0.424,0.508,0.271,0.45,0.122,1.3,1.04,1.11,0.22,0.0
Micron peer / Analog Devices,stock,Safe,secular,diversified / safe (buyback earn-back),0.12,0.532,0.083,0.194,0.275,0.194,0.336,0.414,0.312,0.4,0.125,1.5,0.91,0.97,0.23,0.0
Ichor Holdings,stock,Safe,secular,diversified / safe (buyback earn-back),0.12,0.703,0.159,0.313,0.406,0.313,0.464,0.538,0.325,0.5,0.162,1.5,0.87,0.93,0.17,0.0
Ultra Clean Holdings,stock,Safe,secular,diversified / safe (buyback earn-back),0.12,0.689,0.173,0.335,0.429,0.335,0.488,0.563,0.301,0.5,0.151,1.4,0.94,1.0,0.17,0.0
Power Integrations,stock,Safe,secular,diversified / safe (buyback earn-back),0.12,0.547,0.075,0.179,0.259,0.179,0.317,0.393,0.332,0.5,0.166,1.6,0.85,0.91,0.22,0.0
Synopsys,stock,Safe,secular,diversified / safe (buyback earn-back),0.12,0.529,0.088,0.207,0.287,0.207,0.351,0.428,0.303,0.3,0.091,1.4,0.94,1.0,0.23,0.0
EMCOR Group,stock,Safe,secular,diversified / safe (buyback earn-back),0.12,0.514,0.086,0.209,0.298,0.209,0.359,0.441,0.287,0.45,0.129,1.4,0.99,1.05,0.23,0.0
GE Vernova,stock,Safe,secular,diversified / safe (buyback earn-back),0.12,0.616,0.099,0.224,0.305,0.224,0.364,0.435,0.348,0.4,0.139,1.6,0.81,0.87,0.19,0.0
Powell Industries,stock,Safe,secular,diversified / safe (buyback earn-back),0.12,0.518,0.098,0.234,0.325,0.234,0.389,0.472,0.273,0.5,0.137,1.3,1.04,1.11,0.23,0.0
Hewlett Packard Enterprise,stock,Safe,secular,diversified / safe (buyback earn-back),0.11,0.505,0.107,0.25,0.348,0.25,0.418,0.507,0.249,0.45,0.112,1.2,1.04,1.11,0.22,0.0
Bentley Systems,stock,Safe,secular,diversified / safe (buyback earn-back),0.11,0.495,0.058,0.152,0.232,0.152,0.285,0.356,0.319,0.35,0.112,1.5,0.81,0.87,0.22,0.0
Eaton,stock,Safe,secular,diversified / safe (buyback earn-back),0.11,0.486,0.074,0.185,0.27,0.185,0.332,0.411,0.286,0.35,0.1,1.3,0.91,0.97,0.23,0.0
MKS Instruments,stock,Safe,secular,diversified / safe (buyback earn-back),0.1,0.591,0.129,0.283,0.374,0.283,0.439,0.52,0.283,0.45,0.127,1.3,0.83,0.89,0.17,0.0
FormFactor,stock,Safe,secular,diversified / safe (buyback earn-back),0.1,0.619,0.111,0.247,0.333,0.247,0.392,0.468,0.329,0.5,0.165,1.6,0.72,0.76,0.16,0.0
Wolfspeed peer / Aehr skip / Amtech,stock,Safe,secular,diversified / safe (buyback earn-back),0.1,0.714,0.146,0.291,0.378,0.291,0.435,0.509,0.35,0.6,0.21,1.6,0.67,0.72,0.14,0.0
Twilio,stock,Safe,secular,diversified / safe (buyback earn-back),0.1,0.606,0.121,0.267,0.357,0.267,0.417,0.492,0.308,0.45,0.138,1.4,0.77,0.82,0.17,0.0
PTC,stock,Safe,secular,diversified / safe (buyback earn-back),0.1,0.532,0.084,0.199,0.284,0.199,0.346,0.421,0.308,0.35,0.108,1.4,0.77,0.82,0.19,0.0
Tesla,stock,Safe,cyclical,cyclical — needs TAM rebound,0.09,0.821,0.117,0.251,0.337,0.251,0.396,0.471,0.435,0.65,0.282,2.0,0.49,0.52,0.11,0.0
VOO (S&P 500),ETF,Safe,secular,diversified / safe (buyback earn-back),0.09,0.31,0.041,0.103,0.171,0.103,0.228,0.315,0.213,0.05,0.011,1.0,1.0,1.07,0.29,0.0
NextEra Energy,stock,Safe,secular,diversified / safe (buyback earn-back),0.08,0.236,0.017,0.063,0.122,0.063,0.179,0.262,0.174,0.3,0.052,0.8,1.09,1.16,0.34,0.0
Nvidia Supplier / Flex,stock,Safe,secular,diversified / safe (buyback earn-back),0.08,0.51,0.104,0.244,0.342,0.244,0.408,0.495,0.258,0.45,0.116,1.2,0.73,0.78,0.16,0.0
Microchip Technology,stock,Safe,secular,diversified / safe (buyback earn-back),0.08,0.603,0.108,0.241,0.325,0.241,0.383,0.461,0.325,0.45,0.146,1.5,0.58,0.62,0.13,0.0
Entegris,stock,Safe,secular,diversified / safe (buyback earn-back),0.08,0.57,0.107,0.246,0.336,0.246,0.397,0.475,0.299,0.4,0.12,1.4,0.63,0.67,0.14,0.0
Cohu,stock,Safe,secular,diversified / safe (buyback earn-back),0.08,0.632,0.105,0.233,0.319,0.233,0.378,0.454,0.345,0.5,0.173,1.6,0.55,0.58,0.13,0.0
Veeco Instruments,stock,Safe,secular,diversified / safe (buyback earn-back),0.08,0.619,0.152,0.31,0.408,0.31,0.472,0.55,0.279,0.5,0.139,1.3,0.68,0.72,0.13,0.0
Allegro MicroSystems,stock,Safe,secular,diversified / safe (buyback earn-back),0.08,0.629,0.105,0.234,0.317,0.234,0.375,0.449,0.346,0.5,0.173,1.6,0.55,0.58,0.13,0.0
BigBear.ai,stock,Safe,secular,diversified / safe (buyback earn-back),0.08,0.863,0.188,0.339,0.419,0.339,0.47,0.535,0.401,0.78,0.313,1.9,0.47,0.5,0.09,0.0
Extreme Networks,stock,Safe,secular,diversified / safe (buyback earn-back),0.08,0.602,0.121,0.266,0.357,0.266,0.419,0.499,0.301,0.5,0.151,1.4,0.63,0.67,0.13,0.0
Pure peer / NetApp,stock,Safe,secular,diversified / safe (buyback earn-back),0.08,0.447,0.085,0.211,0.306,0.211,0.372,0.462,0.24,0.4,0.096,1.1,0.79,0.84,0.18,0.0
UiPath,stock,Safe,secular,diversified / safe (buyback earn-back),0.08,0.627,0.123,0.267,0.355,0.267,0.416,0.495,0.317,0.5,0.158,1.5,0.6,0.64,0.13,0.0
Appian,stock,Safe,secular,diversified / safe (buyback earn-back),0.08,0.656,0.088,0.203,0.28,0.203,0.331,0.396,0.396,0.5,0.198,1.9,0.48,0.51,0.12,0.0
Comfort peer / API Group,stock,Safe,secular,diversified / safe (buyback earn-back),0.08,0.445,0.07,0.183,0.269,0.183,0.331,0.414,0.261,0.4,0.104,1.2,0.72,0.77,0.18,0.0
Qualcomm,stock,Safe,cyclical,cyclical — needs TAM rebound,0.07,0.435,0.0,0.309,0.428,0.309,0.504,0.605,0.172,0.4,0.069,0.8,0.96,1.03,0.16,0.0
Apple,stock,Safe,secular,diversified / safe (buyback earn-back),0.07,0.475,0.064,0.172,0.255,0.172,0.31,0.388,0.291,0.3,0.087,1.4,0.57,0.61,0.15,0.0
Cisco,stock,Safe,secular,diversified / safe (buyback earn-back),0.06,0.338,0.057,0.164,0.252,0.164,0.322,0.42,0.196,0.4,0.078,0.9,0.72,0.77,0.18,0.0
SCHD (Dividend),ETF,Safe,secular,diversified / safe (buyback earn-back),0.06,0.212,0.031,0.08,0.136,0.08,0.196,0.288,0.151,0.05,0.008,0.7,0.94,1.0,0.28,0.0
NXP Semiconductors,stock,Safe,secular,diversified / safe (buyback earn-back),0.06,0.536,0.107,0.247,0.34,0.247,0.402,0.486,0.275,0.45,0.124,1.3,0.51,0.55,0.11,0.0
Cirrus Logic,stock,Safe,secular,diversified / safe (buyback earn-back),0.06,0.532,0.112,0.251,0.346,0.251,0.413,0.499,0.266,0.45,0.12,1.3,0.53,0.57,0.11,0.0
Juniper Networks,stock,Safe,secular,diversified / safe (buyback earn-back),0.06,0.404,0.066,0.178,0.268,0.178,0.337,0.43,0.23,0.4,0.092,1.1,0.62,0.66,0.15,0.0
IBM,stock,Safe,secular,diversified / safe (buyback earn-back),0.05,0.297,0.018,0.074,0.133,0.074,0.185,0.261,0.219,0.42,0.092,1.0,0.54,0.57,0.17,0.0
Kioxia,stock,Safe,cyclical,cyclical high-growth / rebound-dependent,0.05,0.573,0.0,0.0,0.434,0.0,0.498,0.58,0.241,0.6,0.145,1.1,0.49,0.52,0.09,0.0
GlobalFoundries,stock,Safe,secular,diversified / safe (buyback earn-back),0.05,0.573,0.105,0.237,0.327,0.237,0.39,0.469,0.305,0.45,0.137,1.4,0.39,0.41,0.09,0.0
Photronics,stock,Safe,secular,diversified / safe (buyback earn-back),0.05,0.509,0.112,0.254,0.349,0.254,0.414,0.5,0.255,0.45,0.115,1.2,0.46,0.49,0.1,0.0
Keysight Technologies,stock,Safe,secular,diversified / safe (buyback earn-back),0.05,0.484,0.071,0.176,0.262,0.176,0.321,0.404,0.288,0.4,0.115,1.4,0.41,0.44,0.1,0.0
Infinera skip / Applied Signal,stock,Safe,secular,diversified / safe (buyback earn-back),0.05,0.611,0.118,0.255,0.346,0.255,0.407,0.485,0.315,0.55,0.173,1.5,0.38,0.4,0.08,0.0
Amdocs peer / Pegasystems,stock,Safe,secular,diversified / safe (buyback earn-back),0.04,0.514,0.102,0.239,0.331,0.239,0.396,0.48,0.268,0.45,0.12,1.3,0.35,0.38,0.08,0.0
Axcelis Technologies,stock,Safe,secular,diversified / safe (buyback earn-back),0.03,0.637,0.132,0.287,0.38,0.287,0.437,0.514,0.31,0.5,0.155,1.5,0.23,0.24,0.05,0.0
Digital Turbine,stock,Safe,secular,diversified / safe (buyback earn-back),0.03,0.767,0.233,0.4,0.491,0.4,0.547,0.617,0.294,0.6,0.176,1.4,0.24,0.26,0.04,0.0
ServiceTitan peer / Klaviyo skip / Yext,stock,Safe,secular,diversified / safe (buyback earn-back),0.02,0.611,0.113,0.249,0.34,0.249,0.402,0.482,0.316,0.6,0.19,1.5,0.15,0.16,0.03,0.0
Oklo,stock,Safe,secular,diversified / safe (buyback earn-back),0.0,0.861,0.187,0.336,0.417,0.336,0.468,0.532,0.403,0.75,0.302,1.9,,,0.0,0.0
ON Semiconductor,stock,Safe,secular,diversified / safe (buyback earn-back),-0.05,0.601,0.12,0.268,0.365,0.268,0.428,0.505,0.298,0.5,0.149,1.4,-0.4,-0.42,-0.08,0.0
SOXL (3x Semis),ETF,Trading,secular,,0.6,0.997,0.304,0.452,0.524,0.452,0.571,0.625,0.374,0.55,0.206,1.8,3.79,4.04,0.6,0.0
TECL (3x Tech),ETF,Trading,secular,,0.5,0.975,0.289,0.442,0.515,0.442,0.561,0.615,0.375,0.55,0.206,1.8,3.15,3.36,0.51,0.0
TQQQ (3x NDX),ETF,Trading,secular,,0.45,0.975,0.289,0.442,0.515,0.442,0.561,0.615,0.375,0.55,0.206,1.8,2.83,3.02,0.46,0.0
